2020-12-30 15:46:37,269 INFO  [restartedMain] JhipsterApp: Starting JhipsterApp on T-LAN with PID 18344 (D:\Work\INFOdation\project\Training2020\Managed accessories system\vn.infodation.intern.group1\target\classes started by HP in D:\Work\INFOdation\project\Training2020\Managed accessories system\vn.infodation.intern.group1)
2020-12-30 15:46:37,283 DEBUG [restartedMain] JhipsterApp: Running with Spring Boot v2.2.7.RELEASE, Spring v5.2.6.RELEASE
2020-12-30 15:46:37,284 INFO  [restartedMain] JhipsterApp: The following profiles are active: swagger,tls,dev
2020-12-30 15:46:43,347 DEBUG [restartedMain] InternalLoggerFactory: Using SLF4J as the default logging framework
2020-12-30 15:46:44,019 DEBUG [restartedMain] Ehcache-usersByLogin: Initialize successful.
2020-12-30 15:46:44,069 DEBUG [restartedMain] Ehcache-usersByEmail: Initialize successful.
2020-12-30 15:46:44,111 DEBUG [restartedMain] AsyncConfiguration: Creating Async Task Executor
2020-12-30 15:46:44,303 DEBUG [restartedMain] LiquibaseConfiguration: Configuring Liquibase
2020-12-30 15:46:44,623 WARN  [jhipster-task-1] AsyncSpringLiquibase: Starting Liquibase asynchronously, your database might not be ready at startup!
2020-12-30 15:46:49,491 DEBUG [restartedMain] WebConfigurer: Registering CORS filter
2020-12-30 15:46:49,607 INFO  [restartedMain] WebConfigurer: Web application configuration, using profiles: swagger
2020-12-30 15:46:49,624 INFO  [restartedMain] WebConfigurer: Web application fully configured
2020-12-30 15:46:50,344 DEBUG [restartedMain] security: X509Certificate: Alg:SHA256withRSA, Serial:637c7268, Subject:CN=Java Hipster, OU=Development, O=vn.infodation.intern.group1, L=, ST=, C=, Issuer:CN=Java Hipster, OU=Development, O=vn.infodation.intern.group1, L=, ST=, C=, Key type:RSA, Length:2048, Cert Id:-384595409, Valid from:11/30/20, 6:32 PM, Valid until:9/14/94, 6:32 PM
2020-12-30 15:46:50,939 DEBUG [restartedMain] security: X509Certificate: Alg:SHA256withRSA, Serial:570a119742c4e3cc, Subject:CN=Actalis Authentication Root CA, O=Actalis S.p.A./03358520967, L=Milan, C=IT, Issuer:CN=Actalis Authentication Root CA, O=Actalis S.p.A./03358520967, L=Milan, C=IT, Key type:RSA, Length:4096, Cert Id:1729119956, Valid from:9/22/11, 6:22 PM, Valid until:9/22/30, 6:22 PM
2020-12-30 15:46:50,943 DEBUG [restartedMain] security: X509Certificate: Alg:SHA1withRSA, Serial:1, Subject:CN=AddTrust External CA Root, OU=AddTrust External TTP Network, O=AddTrust AB, C=SE, Issuer:CN=AddTrust External CA Root, OU=AddTrust External TTP Network, O=AddTrust AB, C=SE, Key type:RSA, Length:2048, Cert Id:-326352672, Valid from:5/30/00, 5:48 PM, Valid until:5/30/20, 5:48 PM
2020-12-30 15:46:50,946 DEBUG [restartedMain] security: X509Certificate: Alg:SHA1withRSA, Serial:1, Subject:CN=AddTrust Qualified CA Root, OU=AddTrust TTP Network, O=AddTrust AB, C=SE, Issuer:CN=AddTrust Qualified CA Root, OU=AddTrust TTP Network, O=AddTrust AB, C=SE, Key type:RSA, Length:2048, Cert Id:607365522, Valid from:5/30/00, 5:44 PM, Valid until:5/30/20, 5:44 PM
2020-12-30 15:46:50,948 DEBUG [restartedMain] security: X509Certificate: Alg:SHA256withRSA, Serial:7777062726a9b17c, Subject:CN=AffirmTrust Commercial, O=AffirmTrust, C=US, Issuer:CN=AffirmTrust Commercial, O=AffirmTrust, C=US, Key type:RSA, Length:2048, Cert Id:630485644, Valid from:1/29/10, 9:06 PM, Valid until:12/31/30, 9:06 PM
2020-12-30 15:46:50,951 DEBUG [restartedMain] security: X509Certificate: Alg:SHA1withRSA, Serial:7c4f04391cd4992d, Subject:CN=AffirmTrust Networking, O=AffirmTrust, C=US, Issuer:CN=AffirmTrust Networking, O=AffirmTrust, C=US, Key type:RSA, Length:2048, Cert Id:651670175, Valid from:1/29/10, 9:08 PM, Valid until:12/31/30, 9:08 PM
2020-12-30 15:46:50,964 DEBUG [restartedMain] security: X509Certificate: Alg:SHA384withRSA, Serial:6d8c1446b1a60aee, Subject:CN=AffirmTrust Premium, O=AffirmTrust, C=US, Issuer:CN=AffirmTrust Premium, O=AffirmTrust, C=US, Key type:RSA, Length:4096, Cert Id:-2130283955, Valid from:1/29/10, 9:10 PM, Valid until:12/31/40, 9:10 PM
2020-12-30 15:46:50,964 DEBUG [restartedMain] security: X509Certificate: Alg:SHA384withECDSA, Serial:7497258ac73f7a54, Subject:CN=AffirmTrust Premium ECC, O=AffirmTrust, C=US, Issuer:CN=AffirmTrust Premium ECC, O=AffirmTrust, C=US, Key type:EC, Length:384, Cert Id:-2080363786, Valid from:1/29/10, 9:20 PM, Valid until:12/31/40, 9:20 PM
2020-12-30 15:46:51,026 DEBUG [restartedMain] security: X509Certificate: Alg:SHA256withRSA, Serial:66c9fcf99bf8c0a39e2f0788a43e696365bca, Subject:CN=Amazon Root CA 1, O=Amazon, C=US, Issuer:CN=Amazon Root CA 1, O=Amazon, C=US, Key type:RSA, Length:2048, Cert Id:-1472444962, Valid from:5/26/15, 7:00 AM, Valid until:1/17/38, 7:00 AM
2020-12-30 15:46:51,034 DEBUG [restartedMain] security: X509Certificate: Alg:SHA384withRSA, Serial:66c9fd29635869f0a0fe58678f85b26bb8a37, Subject:CN=Amazon Root CA 2, O=Amazon, C=US, Issuer:CN=Amazon Root CA 2, O=Amazon, C=US, Key type:RSA, Length:4096, Cert Id:-1766132388, Valid from:5/26/15, 7:00 AM, Valid until:5/26/40, 7:00 AM
2020-12-30 15:46:51,037 DEBUG [restartedMain] security: X509Certificate: Alg:SHA256withECDSA, Serial:66c9fd5749736663f3b0b9ad9e89e7603f24a, Subject:CN=Amazon Root CA 3, O=Amazon, C=US, Issuer:CN=Amazon Root CA 3, O=Amazon, C=US, Key type:EC, Length:256, Cert Id:-1562287523, Valid from:5/26/15, 7:00 AM, Valid until:5/26/40, 7:00 AM
2020-12-30 15:46:51,055 DEBUG [restartedMain] security: X509Certificate: Alg:SHA384withECDSA, Serial:66c9fd7c1bb104c2943e5717b7b2cc81ac10e, Subject:CN=Amazon Root CA 4, O=Amazon, C=US, Issuer:CN=Amazon Root CA 4, O=Amazon, C=US, Key type:EC, Length:384, Cert Id:-1654272513, Valid from:5/26/15, 7:00 AM, Valid until:5/26/40, 7:00 AM
2020-12-30 15:46:51,059 DEBUG [restartedMain] security: X509Certificate: Alg:SHA1withRSA, Serial:20000b9, Subject:CN=Baltimore CyberTrust Root, OU=CyberTrust, O=Baltimore, C=IE, Issuer:CN=Baltimore CyberTrust Root, OU=CyberTrust, O=Baltimore, C=IE, Key type:RSA, Length:2048, Cert Id:1425294543, Valid from:5/13/00, 1:46 AM, Valid until:5/13/25, 6:59 AM
2020-12-30 15:46:51,075 DEBUG [restartedMain] security: X509Certificate: Alg:SHA256withRSA, Serial:2, Subject:CN=Buypass Class 2 Root CA, O=Buypass AS-983163327, C=NO, Issuer:CN=Buypass Class 2 Root CA, O=Buypass AS-983163327, C=NO, Key type:RSA, Length:4096, Cert Id:969960563, Valid from:10/26/10, 3:38 PM, Valid until:10/26/40, 3:38 PM
2020-12-30 15:46:51,075 DEBUG [restartedMain] security: X509Certificate: Alg:SHA256withRSA, Serial:2, Subject:CN=Buypass Class 3 Root CA, O=Buypass AS-983163327, C=NO, Issuer:CN=Buypass Class 3 Root CA, O=Buypass AS-983163327, C=NO, Key type:RSA, Length:4096, Cert Id:1264269967, Valid from:10/26/10, 3:28 PM, Valid until:10/26/40, 3:28 PM
2020-12-30 15:46:51,080 DEBUG [restartedMain] security: X509Certificate: Alg:SHA1withRSA, Serial:a3da427ea4b1aeda, Subject:CN=Chambers of Commerce Root - 2008, O=AC Camerfirma S.A., SERIALNUMBER=A82743287, L=Madrid (see current address at www.camerfirma.com/address), C=EU, Issuer:CN=Chambers of Commerce Root - 2008, O=AC Camerfirma S.A., SERIALNUMBER=A82743287, L=Madrid (see current address at www.camerfirma.com/address), C=EU, Key type:RSA, Length:4096, Cert Id:-28263924, Valid from:8/1/08, 7:29 PM, Valid until:7/31/38, 7:29 PM
2020-12-30 15:46:51,090 DEBUG [restartedMain] security: X509Certificate: Alg:SHA1withRSA, Serial:0, Subject:CN=Chambers of Commerce Root, OU=http://www.chambersign.org, O=AC Camerfirma SA CIF A82743287, C=EU, Issuer:CN=Chambers of Commerce Root, OU=http://www.chambersign.org, O=AC Camerfirma SA CIF A82743287, C=EU, Key type:RSA, Length:2048, Cert Id:1827306452, Valid from:9/30/03, 11:13 PM, Valid until:9/30/37, 11:13 PM
2020-12-30 15:46:51,090 DEBUG [restartedMain] security: X509Certificate: Alg:SHA1withRSA, Serial:c9cdd3e9d57d23ce, Subject:CN=Global Chambersign Root - 2008, O=AC Camerfirma S.A., SERIALNUMBER=A82743287, L=Madrid (see current address at www.camerfirma.com/address), C=EU, Issuer:CN=Global Chambersign Root - 2008, O=AC Camerfirma S.A., SERIALNUMBER=A82743287, L=Madrid (see current address at www.camerfirma.com/address), C=EU, Key type:RSA, Length:4096, Cert Id:1271252776, Valid from:8/1/08, 7:31 PM, Valid until:7/31/38, 7:31 PM
2020-12-30 15:46:51,114 DEBUG [restartedMain] security: X509Certificate: Alg:SHA1withRSA, Serial:10020, Subject:CN=Certum CA, O=Unizeto Sp. z o.o., C=PL, Issuer:CN=Certum CA, O=Unizeto Sp. z o.o., C=PL, Key type:RSA, Length:2048, Cert Id:-744451266, Valid from:6/11/02, 5:46 PM, Valid until:6/11/27, 5:46 PM
2020-12-30 15:46:51,114 DEBUG [restartedMain] security: X509Certificate: Alg:SHA1withRSA, Serial:444c0, Subject:CN=Certum Trusted Network CA, OU=Certum Certification Authority, O=Unizeto Technologies S.A., C=PL, Issuer:CN=Certum Trusted Network CA, OU=Certum Certification Authority, O=Unizeto Technologies S.A., C=PL, Key type:RSA, Length:2048, Cert Id:2014002193, Valid from:10/22/08, 7:07 PM, Valid until:12/31/29, 7:07 PM
2020-12-30 15:46:51,121 DEBUG [restartedMain] security: X509Certificate: Alg:SHA1withRSA, Serial:15c8bd65475cafb897005ee406d2bc9d, Subject:OU=ePKI Root Certification Authority, O="Chunghwa Telecom Co., Ltd.", C=TW, Issuer:OU=ePKI Root Certification Authority, O="Chunghwa Telecom Co., Ltd.", C=TW, Key type:RSA, Length:4096, Cert Id:-662636137, Valid from:12/20/04, 9:31 AM, Valid until:12/20/34, 9:31 AM
2020-12-30 15:46:51,125 DEBUG [restartedMain] security: X509Certificate: Alg:SHA1withRSA, Serial:1, Subject:CN=AAA Certificate Services, O=Comodo CA Limited, L=Salford, ST=Greater Manchester, C=GB, Issuer:CN=AAA Certificate Services, O=Comodo CA Limited, L=Salford, ST=Greater Manchester, C=GB, Key type:RSA, Length:2048, Cert Id:-1197580894, Valid from:1/1/04, 7:00 AM, Valid until:1/1/29, 6:59 AM
2020-12-30 15:46:51,127 DEBUG [restartedMain] security: X509Certificate: Alg:SHA384withECDSA, Serial:1f47afaa62007050544c019e9b63992a, Subject:CN=COMODO ECC Certification Authority, O=COMODO CA Limited, L=Salford, ST=Greater Manchester, C=GB, Issuer:CN=COMODO ECC Certification Authority, O=COMODO CA Limited, L=Salford, ST=Greater Manchester, C=GB, Key type:EC, Length:384, Cert Id:1146488932, Valid from:3/6/08, 7:00 AM, Valid until:1/19/38, 6:59 AM
2020-12-30 15:46:51,128 DEBUG [restartedMain] security: X509Certificate: Alg:SHA384withRSA, Serial:4caaf9cadb636fe01ff74ed85b03869d, Subject:CN=COMODO RSA Certification Authority, O=COMODO CA Limited, L=Salford, ST=Greater Manchester, C=GB, Issuer:CN=COMODO RSA Certification Authority, O=COMODO CA Limited, L=Salford, ST=Greater Manchester, C=GB, Key type:RSA, Length:4096, Cert Id:1769425049, Valid from:1/19/10, 7:00 AM, Valid until:1/19/38, 6:59 AM
2020-12-30 15:46:51,131 DEBUG [restartedMain] security: X509Certificate: Alg:SHA256withRSA, Serial:b931c3ad63967ea6723bfc3af9af44b, Subject:CN=DigiCert Assured ID Root G2, OU=www.digicert.com, O=DigiCert Inc, C=US, Issuer:CN=DigiCert Assured ID Root G2, OU=www.digicert.com, O=DigiCert Inc, C=US, Key type:RSA, Length:2048, Cert Id:-385398383, Valid from:8/1/13, 7:00 PM, Valid until:1/15/38, 7:00 PM
2020-12-30 15:46:51,132 DEBUG [restartedMain] security: X509Certificate: Alg:SHA384withECDSA, Serial:ba15afa1ddfa0b54944afcd24a06cec, Subject:CN=DigiCert Assured ID Root G3, OU=www.digicert.com, O=DigiCert Inc, C=US, Issuer:CN=DigiCert Assured ID Root G3, OU=www.digicert.com, O=DigiCert Inc, C=US, Key type:EC, Length:384, Cert Id:-645537245, Valid from:8/1/13, 7:00 PM, Valid until:1/15/38, 7:00 PM
2020-12-30 15:46:51,135 DEBUG [restartedMain] security: X509Certificate: Alg:SHA1withRSA, Serial:ce7e0e517d846fe8fe560fc1bf03039, Subject:CN=DigiCert Assured ID Root CA, OU=www.digicert.com, O=DigiCert Inc, C=US, Issuer:CN=DigiCert Assured ID Root CA, OU=www.digicert.com, O=DigiCert Inc, C=US, Key type:RSA, Length:2048, Cert Id:-860404528, Valid from:11/10/06, 7:00 AM, Valid until:11/10/31, 7:00 AM
2020-12-30 15:46:51,136 DEBUG [restartedMain] security: X509Certificate: Alg:SHA1withRSA, Serial:83be056904246b1a1756ac95991c74a, Subject:CN=DigiCert Global Root CA, OU=www.digicert.com, O=DigiCert Inc, C=US, Issuer:CN=DigiCert Global Root CA, OU=www.digicert.com, O=DigiCert Inc, C=US, Key type:RSA, Length:2048, Cert Id:1341898239, Valid from:11/10/06, 7:00 AM, Valid until:11/10/31, 7:00 AM
2020-12-30 15:46:51,138 DEBUG [restartedMain] security: X509Certificate: Alg:SHA256withRSA, Serial:33af1e6a711a9a0bb2864b11d09fae5, Subject:CN=DigiCert Global Root G2, OU=www.digicert.com, O=DigiCert Inc, C=US, Issuer:CN=DigiCert Global Root G2, OU=www.digicert.com, O=DigiCert Inc, C=US, Key type:RSA, Length:2048, Cert Id:1136084297, Valid from:8/1/13, 7:00 PM, Valid until:1/15/38, 7:00 PM
2020-12-30 15:46:51,140 DEBUG [restartedMain] security: X509Certificate: Alg:SHA384withECDSA, Serial:55556bcf25ea43535c3a40fd5ab4572, Subject:CN=DigiCert Global Root G3, OU=www.digicert.com, O=DigiCert Inc, C=US, Issuer:CN=DigiCert Global Root G3, OU=www.digicert.com, O=DigiCert Inc, C=US, Key type:EC, Length:384, Cert Id:-795968543, Valid from:8/1/13, 7:00 PM, Valid until:1/15/38, 7:00 PM
2020-12-30 15:46:51,141 DEBUG [restartedMain] security: X509Certificate: Alg:SHA1withRSA, Serial:2ac5c266a0b409b8f0b79f2ae462577, Subject:CN=DigiCert High Assurance EV Root CA, OU=www.digicert.com, O=DigiCert Inc, C=US, Issuer:CN=DigiCert High Assurance EV Root CA, OU=www.digicert.com, O=DigiCert Inc, C=US, Key type:RSA, Length:2048, Cert Id:-1410680354, Valid from:11/10/06, 7:00 AM, Valid until:11/10/31, 7:00 AM
2020-12-30 15:46:51,143 DEBUG [restartedMain] security: X509Certificate: Alg:SHA384withRSA, Serial:59b1b579e8e2132e23907bda777755c, Subject:CN=DigiCert Trusted Root G4, OU=www.digicert.com, O=DigiCert Inc, C=US, Issuer:CN=DigiCert Trusted Root G4, OU=www.digicert.com, O=DigiCert Inc, C=US, Key type:RSA, Length:4096, Cert Id:1057369358, Valid from:8/1/13, 7:00 PM, Valid until:1/15/38, 7:00 PM
2020-12-30 15:46:51,145 DEBUG [restartedMain] security: X509Certificate: Alg:SHA256withRSA, Serial:983f3, Subject:CN=D-TRUST Root Class 3 CA 2 2009, O=D-Trust GmbH, C=DE, Issuer:CN=D-TRUST Root Class 3 CA 2 2009, O=D-Trust GmbH, C=DE, Key type:RSA, Length:2048, Cert Id:1430153102, Valid from:11/5/09, 3:35 PM, Valid until:11/5/29, 3:35 PM
2020-12-30 15:46:51,146 DEBUG [restartedMain] security: X509Certificate: Alg:SHA256withRSA, Serial:983f4, Subject:CN=D-TRUST Root Class 3 CA 2 EV 2009, O=D-Trust GmbH, C=DE, Issuer:CN=D-TRUST Root Class 3 CA 2 EV 2009, O=D-Trust GmbH, C=DE, Key type:RSA, Length:2048, Cert Id:971313728, Valid from:11/5/09, 3:50 PM, Valid until:11/5/29, 3:50 PM
2020-12-30 15:46:51,149 DEBUG [restartedMain] security: X509Certificate: Alg:SHA1withRSA, Serial:3863def8, Subject:CN=Entrust.net Certification Authority (2048), OU=(c) 1999 Entrust.net Limited, OU=www.entrust.net/CPS_2048 incorp. by ref. (limits liab.), O=Entrust.net, Issuer:CN=Entrust.net Certification Authority (2048), OU=(c) 1999 Entrust.net Limited, OU=www.entrust.net/CPS_2048 incorp. by ref. (limits liab.), O=Entrust.net, Key type:RSA, Length:2048, Cert Id:-328536082, Valid from:12/25/99, 12:50 AM, Valid until:7/24/29, 9:15 PM
2020-12-30 15:46:51,151 DEBUG [restartedMain] security: X509Certificate: Alg:SHA1withRSA, Serial:456b5054, Subject:CN=Entrust Root Certification Authority, OU="(c) 2006 Entrust, Inc.", OU=www.entrust.net/CPS is incorporated by reference, O="Entrust, Inc.", C=US, Issuer:CN=Entrust Root Certification Authority, OU="(c) 2006 Entrust, Inc.", OU=www.entrust.net/CPS is incorporated by reference, O="Entrust, Inc.", C=US, Key type:RSA, Length:2048, Cert Id:-1261404096, Valid from:11/28/06, 3:23 AM, Valid until:11/28/26, 3:53 AM
2020-12-30 15:46:51,153 DEBUG [restartedMain] security: X509Certificate: Alg:SHA384withECDSA, Serial:a68b79290000000050d091f9, Subject:CN=Entrust Root Certification Authority - EC1, OU="(c) 2012 Entrust, Inc. - for authorized use only", OU=See www.entrust.net/legal-terms, O="Entrust, Inc.", C=US, Issuer:CN=Entrust Root Certification Authority - EC1, OU="(c) 2012 Entrust, Inc. - for authorized use only", OU=See www.entrust.net/legal-terms, O="Entrust, Inc.", C=US, Key type:EC, Length:384, Cert Id:924514073, Valid from:12/18/12, 10:25 PM, Valid until:12/18/37, 10:55 PM
2020-12-30 15:46:51,156 DEBUG [restartedMain] security: X509Certificate: Alg:SHA256withRSA, Serial:4a538c28, Subject:CN=Entrust Root Certification Authority - G2, OU="(c) 2009 Entrust, Inc. - for authorized use only", OU=See www.entrust.net/legal-terms, O="Entrust, Inc.", C=US, Issuer:CN=Entrust Root Certification Authority - G2, OU="(c) 2009 Entrust, Inc. - for authorized use only", OU=See www.entrust.net/legal-terms, O="Entrust, Inc.", C=US, Key type:RSA, Length:2048, Cert Id:1936920337, Valid from:7/8/09, 12:25 AM, Valid until:12/8/30, 12:55 AM
2020-12-30 15:46:51,158 DEBUG [restartedMain] security: X509Certificate: Alg:SHA256withRSA, Serial:d9b5437fafa9390f000000005565ad58, Subject:CN=Entrust Root Certification Authority - G4, OU="(c) 2015 Entrust, Inc. - for authorized use only", OU=See www.entrust.net/legal-terms, O="Entrust, Inc.", C=US, Issuer:CN=Entrust Root Certification Authority - G4, OU="(c) 2015 Entrust, Inc. - for authorized use only", OU=See www.entrust.net/legal-terms, O="Entrust, Inc.", C=US, Key type:RSA, Length:4096, Cert Id:1368037548, Valid from:5/27/15, 6:11 PM, Valid until:12/27/37, 6:41 PM
2020-12-30 15:46:51,158 DEBUG [restartedMain] security: X509Certificate: Alg:SHA1withRSA, Serial:23456, Subject:CN=GeoTrust Global CA, O=GeoTrust Inc., C=US, Issuer:CN=GeoTrust Global CA, O=GeoTrust Inc., C=US, Key type:RSA, Length:2048, Cert Id:-2028617374, Valid from:5/21/02, 11:00 AM, Valid until:5/21/22, 11:00 AM
2020-12-30 15:46:51,160 DEBUG [restartedMain] security: X509Certificate: Alg:SHA1withRSA, Serial:18acb56afd69b6153a636cafdafac4a1, Subject:CN=GeoTrust Primary Certification Authority, O=GeoTrust Inc., C=US, Issuer:CN=GeoTrust Primary Certification Authority, O=GeoTrust Inc., C=US, Key type:RSA, Length:2048, Cert Id:-965345157, Valid from:11/27/06, 7:00 AM, Valid until:7/17/36, 6:59 AM
2020-12-30 15:46:51,161 DEBUG [restartedMain] security: X509Certificate: Alg:SHA384withECDSA, Serial:3cb2f4480a00e2feeb243b5e603ec36b, Subject:CN=GeoTrust Primary Certification Authority - G2, OU=(c) 2007 GeoTrust Inc. - For authorized use only, O=GeoTrust Inc., C=US, Issuer:CN=GeoTrust Primary Certification Authority - G2, OU=(c) 2007 GeoTrust Inc. - For authorized use only, O=GeoTrust Inc., C=US, Key type:EC, Length:384, Cert Id:-1114303822, Valid from:11/5/07, 7:00 AM, Valid until:1/19/38, 6:59 AM
2020-12-30 15:46:51,163 DEBUG [restartedMain] security: X509Certificate: Alg:SHA256withRSA, Serial:15ac6e9419b2794b41f627a9c3180f1f, Subject:CN=GeoTrust Primary Certification Authority - G3, OU=(c) 2008 GeoTrust Inc. - For authorized use only, O=GeoTrust Inc., C=US, Issuer:CN=GeoTrust Primary Certification Authority - G3, OU=(c) 2008 GeoTrust Inc. - For authorized use only, O=GeoTrust Inc., C=US, Key type:RSA, Length:2048, Cert Id:-1330153758, Valid from:4/2/08, 7:00 AM, Valid until:12/2/37, 6:59 AM
2020-12-30 15:46:51,164 DEBUG [restartedMain] security: X509Certificate: Alg:SHA1withRSA, Serial:1, Subject:CN=GeoTrust Universal CA, O=GeoTrust Inc., C=US, Issuer:CN=GeoTrust Universal CA, O=GeoTrust Inc., C=US, Key type:RSA, Length:4096, Cert Id:313566089, Valid from:3/4/04, 12:00 PM, Valid until:3/4/29, 12:00 PM
2020-12-30 15:46:51,165 DEBUG [restartedMain] security: X509Certificate: Alg:SHA1withRSA, Serial:40000000001154b5ac394, Subject:CN=GlobalSign Root CA, OU=Root CA, O=GlobalSign nv-sa, C=BE, Issuer:CN=GlobalSign Root CA, OU=Root CA, O=GlobalSign nv-sa, C=BE, Key type:RSA, Length:2048, Cert Id:536948034, Valid from:9/1/98, 7:00 PM, Valid until:1/28/28, 7:00 PM
2020-12-30 15:46:51,166 DEBUG [restartedMain] security: X509Certificate: Alg:SHA256withECDSA, Serial:2a38a41c960a04de42b228a50be8349802, Subject:CN=GlobalSign, O=GlobalSign, OU=GlobalSign ECC Root CA - R4, Issuer:CN=GlobalSign, O=GlobalSign, OU=GlobalSign ECC Root CA - R4, Key type:EC, Length:256, Cert Id:-1923273545, Valid from:11/13/12, 7:00 AM, Valid until:1/19/38, 10:14 AM
2020-12-30 15:46:51,168 DEBUG [restartedMain] security: X509Certificate: Alg:SHA384withECDSA, Serial:605949e0262ebb55f90a778a71f94ad86c, Subject:CN=GlobalSign, O=GlobalSign, OU=GlobalSign ECC Root CA - R5, Issuer:CN=GlobalSign, O=GlobalSign, OU=GlobalSign ECC Root CA - R5, Key type:EC, Length:384, Cert Id:1997048439, Valid from:11/13/12, 7:00 AM, Valid until:1/19/38, 10:14 AM
2020-12-30 15:46:51,169 DEBUG [restartedMain] security: X509Certificate: Alg:SHA1withRSA, Serial:400000000010f8626e60d, Subject:CN=GlobalSign, O=GlobalSign, OU=GlobalSign Root CA - R2, Issuer:CN=GlobalSign, O=GlobalSign, OU=GlobalSign Root CA - R2, Key type:RSA, Length:2048, Cert Id:7087067, Valid from:12/15/06, 3:00 PM, Valid until:12/15/21, 3:00 PM
2020-12-30 15:46:51,170 DEBUG [restartedMain] security: X509Certificate: Alg:SHA256withRSA, Serial:4000000000121585308a2, Subject:CN=GlobalSign, O=GlobalSign, OU=GlobalSign Root CA - R3, Issuer:CN=GlobalSign, O=GlobalSign, OU=GlobalSign Root CA - R3, Key type:RSA, Length:2048, Cert Id:733875591, Valid from:3/18/09, 5:00 PM, Valid until:3/18/29, 5:00 PM
2020-12-30 15:46:51,172 DEBUG [restartedMain] security: X509Certificate: Alg:SHA384withRSA, Serial:45e6bb038333c3856548e6ff4551, Subject:CN=GlobalSign, O=GlobalSign, OU=GlobalSign Root CA - R6, Issuer:CN=GlobalSign, O=GlobalSign, OU=GlobalSign Root CA - R6, Key type:RSA, Length:4096, Cert Id:-506627753, Valid from:12/10/14, 7:00 AM, Valid until:12/10/34, 7:00 AM
2020-12-30 15:46:51,173 DEBUG [restartedMain] security: X509Certificate: Alg:SHA1withRSA, Serial:0, Subject:OU=Go Daddy Class 2 Certification Authority, O="The Go Daddy Group, Inc.", C=US, Issuer:OU=Go Daddy Class 2 Certification Authority, O="The Go Daddy Group, Inc.", C=US, Key type:RSA, Length:2048, Cert Id:-271444299, Valid from:6/30/04, 12:06 AM, Valid until:6/30/34, 12:06 AM
2020-12-30 15:46:51,175 DEBUG [restartedMain] security: X509Certificate: Alg:SHA256withRSA, Serial:0, Subject:CN=Go Daddy Root Certificate Authority - G2, O="GoDaddy.com, Inc.", L=Scottsdale, ST=Arizona, C=US, Issuer:CN=Go Daddy Root Certificate Authority - G2, O="GoDaddy.com, Inc.", L=Scottsdale, ST=Arizona, C=US, Key type:RSA, Length:2048, Cert Id:439600313, Valid from:9/1/09, 7:00 AM, Valid until:1/1/38, 6:59 AM
2020-12-30 15:46:51,175 DEBUG [restartedMain] security: X509Certificate: Alg:SHA256withRSA, Serial:a0142800000014523c844b500000002, Subject:CN=IdenTrust Commercial Root CA 1, O=IdenTrust, C=US, Issuer:CN=IdenTrust Commercial Root CA 1, O=IdenTrust, C=US, Key type:RSA, Length:4096, Cert Id:1232565210, Valid from:1/17/14, 1:12 AM, Valid until:1/17/34, 1:12 AM
2020-12-30 15:46:51,214 DEBUG [restartedMain] security: X509Certificate: Alg:SHA1withRSA, Serial:44afb080d6a327ba893039862ef8406b, Subject:CN=DST Root CA X3, O=Digital Signature Trust Co., Issuer:CN=DST Root CA X3, O=Digital Signature Trust Co., Key type:RSA, Length:2048, Cert Id:1007302312, Valid from:10/1/00, 4:12 AM, Valid until:9/30/21, 9:01 PM
2020-12-30 15:46:51,216 DEBUG [restartedMain] security: X509Certificate: Alg:SHA256withRSA, Serial:a0142800000014523cf467c00000002, Subject:CN=IdenTrust Public Sector Root CA 1, O=IdenTrust, C=US, Issuer:CN=IdenTrust Public Sector Root CA 1, O=IdenTrust, C=US, Key type:RSA, Length:4096, Cert Id:2123370772, Valid from:1/17/14, 12:53 AM, Valid until:1/17/34, 12:53 AM
2020-12-30 15:46:51,244 DEBUG [restartedMain] security: X509Certificate: Alg:SHA256withRSA, Serial:8210cfb0d240e3594463e0bb63828b00, Subject:CN=ISRG Root X1, O=Internet Security Research Group, C=US, Issuer:CN=ISRG Root X1, O=Internet Security Research Group, C=US, Key type:RSA, Length:4096, Cert Id:1521974916, Valid from:6/4/15, 6:04 PM, Valid until:6/4/35, 6:04 PM
2020-12-30 15:46:51,248 DEBUG [restartedMain] security: X509Certificate: Alg:SHA256withRSA, Serial:a7ea6df4b449eda6a24859ee6b815d3167fbbb1, Subject:CN=LuxTrust Global Root 2, O=LuxTrust S.A., C=LU, Issuer:CN=LuxTrust Global Root 2, O=LuxTrust S.A., C=LU, Key type:RSA, Length:4096, Cert Id:-1239330694, Valid from:3/5/15, 8:21 PM, Valid until:3/5/35, 8:21 PM
2020-12-30 15:46:51,251 DEBUG [restartedMain] security: X509Certificate: Alg:SHA256withRSA, Serial:bb8, Subject:CN=LuxTrust Global Root, O=LuxTrust s.a., C=LU, Issuer:CN=LuxTrust Global Root, O=LuxTrust s.a., C=LU, Key type:RSA, Length:2048, Cert Id:1714819687, Valid from:3/17/11, 4:51 PM, Valid until:3/17/21, 4:51 PM
2020-12-30 15:46:51,253 DEBUG [restartedMain] security: X509Certificate: Alg:SHA1withRSA, Serial:3ab6508b, Subject:CN=QuoVadis Root Certification Authority, OU=Root Certification Authority, O=QuoVadis Limited, C=BM, Issuer:CN=QuoVadis Root Certification Authority, OU=Root Certification Authority, O=QuoVadis Limited, C=BM, Key type:RSA, Length:2048, Cert Id:-1882405602, Valid from:3/20/01, 1:33 AM, Valid until:3/18/21, 1:33 AM
2020-12-30 15:46:51,256 DEBUG [restartedMain] security: X509Certificate: Alg:SHA256withRSA, Serial:78585f2ead2c194be3370735341328b596d46593, Subject:CN=QuoVadis Root CA 1 G3, O=QuoVadis Limited, C=BM, Issuer:CN=QuoVadis Root CA 1 G3, O=QuoVadis Limited, C=BM, Key type:RSA, Length:4096, Cert Id:-762436034, Valid from:1/13/12, 12:27 AM, Valid until:1/13/42, 12:27 AM
2020-12-30 15:46:51,258 DEBUG [restartedMain] security: X509Certificate: Alg:SHA1withRSA, Serial:509, Subject:CN=QuoVadis Root CA 2, O=QuoVadis Limited, C=BM, Issuer:CN=QuoVadis Root CA 2, O=QuoVadis Limited, C=BM, Key type:RSA, Length:4096, Cert Id:338250116, Valid from:11/25/06, 1:27 AM, Valid until:11/25/31, 1:23 AM
2020-12-30 15:46:51,260 DEBUG [restartedMain] security: X509Certificate: Alg:SHA256withRSA, Serial:445734245b81899b35f2ceb82b3b5ba726f07528, Subject:CN=QuoVadis Root CA 2 G3, O=QuoVadis Limited, C=BM, Issuer:CN=QuoVadis Root CA 2 G3, O=QuoVadis Limited, C=BM, Key type:RSA, Length:4096, Cert Id:696763521, Valid from:1/13/12, 1:59 AM, Valid until:1/13/42, 1:59 AM
2020-12-30 15:46:51,260 DEBUG [restartedMain] security: X509Certificate: Alg:SHA1withRSA, Serial:5c6, Subject:CN=QuoVadis Root CA 3, O=QuoVadis Limited, C=BM, Issuer:CN=QuoVadis Root CA 3, O=QuoVadis Limited, C=BM, Key type:RSA, Length:4096, Cert Id:1470392860, Valid from:11/25/06, 2:11 AM, Valid until:11/25/31, 2:06 AM
2020-12-30 15:46:51,263 DEBUG [restartedMain] security: X509Certificate: Alg:SHA256withRSA, Serial:2ef59b0228a7db7affd5a3a9eebd03a0cf126a1d, Subject:CN=QuoVadis Root CA 3 G3, O=QuoVadis Limited, C=BM, Issuer:CN=QuoVadis Root CA 3 G3, O=QuoVadis Limited, C=BM, Key type:RSA, Length:4096, Cert Id:-705622991, Valid from:1/13/12, 3:26 AM, Valid until:1/13/42, 3:26 AM
2020-12-30 15:46:51,264 DEBUG [restartedMain] security: X509Certificate: Alg:SHA1withRSA, Serial:0, Subject:OU=Security Communication RootCA1, O=SECOM Trust.net, C=JP, Issuer:OU=Security Communication RootCA1, O=SECOM Trust.net, C=JP, Key type:RSA, Length:2048, Cert Id:1802358121, Valid from:9/30/03, 11:20 AM, Valid until:9/30/23, 11:20 AM
2020-12-30 15:46:51,265 DEBUG [restartedMain] security: X509Certificate: Alg:SHA256withRSA, Serial:0, Subject:OU=Security Communication RootCA2, O="SECOM Trust Systems CO.,LTD.", C=JP, Issuer:OU=Security Communication RootCA2, O="SECOM Trust Systems CO.,LTD.", C=JP, Key type:RSA, Length:2048, Cert Id:1521072570, Valid from:5/29/09, 12:00 PM, Valid until:5/29/29, 12:00 PM
2020-12-30 15:46:51,266 DEBUG [restartedMain] security: X509Certificate: Alg:SHA1withRSA, Serial:cf08e5c0816a5ad427ff0eb271859d0, Subject:CN=SecureTrust CA, O=SecureTrust Corporation, C=US, Issuer:CN=SecureTrust CA, O=SecureTrust Corporation, C=US, Key type:RSA, Length:2048, Cert Id:2034155325, Valid from:11/8/06, 2:31 AM, Valid until:1/1/30, 2:40 AM
2020-12-30 15:46:51,267 DEBUG [restartedMain] security: X509Certificate: Alg:SHA1withRSA, Serial:1d, Subject:CN=Sonera Class2 CA, O=Sonera, C=FI, Issuer:CN=Sonera Class2 CA, O=Sonera, C=FI, Key type:RSA, Length:2048, Cert Id:-572101437, Valid from:4/6/01, 2:29 PM, Valid until:4/6/21, 2:29 PM
2020-12-30 15:46:51,269 DEBUG [restartedMain] security: X509Certificate: Alg:SHA256withECDSA, Serial:75e6dfcbc1685ba8, Subject:CN=SSL.com Root Certification Authority ECC, O=SSL Corporation, L=Houston, ST=Texas, C=US, Issuer:CN=SSL.com Root Certification Authority ECC, O=SSL Corporation, L=Houston, ST=Texas, C=US, Key type:EC, Length:384, Cert Id:-1368293613, Valid from:2/13/16, 1:14 AM, Valid until:2/13/41, 1:14 AM
2020-12-30 15:46:51,270 DEBUG [restartedMain] security: X509Certificate: Alg:SHA256withRSA, Serial:56b629cd34bc78f6, Subject:CN=SSL.com EV Root Certification Authority RSA R2, O=SSL Corporation, L=Houston, ST=Texas, C=US, Issuer:CN=SSL.com EV Root Certification Authority RSA R2, O=SSL Corporation, L=Houston, ST=Texas, C=US, Key type:RSA, Length:4096, Cert Id:1381862403, Valid from:6/1/17, 1:14 AM, Valid until:5/31/42, 1:14 AM
2020-12-30 15:46:51,274 DEBUG [restartedMain] security: X509Certificate: Alg:SHA256withRSA, Serial:7b2c9bd316803299, Subject:CN=SSL.com Root Certification Authority RSA, O=SSL Corporation, L=Houston, ST=Texas, C=US, Issuer:CN=SSL.com Root Certification Authority RSA, O=SSL Corporation, L=Houston, ST=Texas, C=US, Key type:RSA, Length:4096, Cert Id:156725711, Valid from:2/13/16, 12:39 AM, Valid until:2/13/41, 12:39 AM
2020-12-30 15:46:51,275 DEBUG [restartedMain] security: X509Certificate: Alg:SHA1withRSA, Serial:0, Subject:OU=Starfield Class 2 Certification Authority, O="Starfield Technologies, Inc.", C=US, Issuer:OU=Starfield Class 2 Certification Authority, O="Starfield Technologies, Inc.", C=US, Key type:RSA, Length:2048, Cert Id:1825617644, Valid from:6/30/04, 12:39 AM, Valid until:6/30/34, 12:39 AM
2020-12-30 15:46:51,276 DEBUG [restartedMain] security: X509Certificate: Alg:SHA256withRSA, Serial:0, Subject:CN=Starfield Root Certificate Authority - G2, O="Starfield Technologies, Inc.", L=Scottsdale, ST=Arizona, C=US, Issuer:CN=Starfield Root Certificate Authority - G2, O="Starfield Technologies, Inc.", L=Scottsdale, ST=Arizona, C=US, Key type:RSA, Length:2048, Cert Id:-1026641587, Valid from:9/1/09, 7:00 AM, Valid until:1/1/38, 6:59 AM
2020-12-30 15:46:51,297 DEBUG [restartedMain] security: X509Certificate: Alg:SHA256withRSA, Serial:0, Subject:CN=Starfield Services Root Certificate Authority - G2, O="Starfield Technologies, Inc.", L=Scottsdale, ST=Arizona, C=US, Issuer:CN=Starfield Services Root Certificate Authority - G2, O="Starfield Technologies, Inc.", L=Scottsdale, ST=Arizona, C=US, Key type:RSA, Length:2048, Cert Id:1964785574, Valid from:9/1/09, 7:00 AM, Valid until:1/1/38, 6:59 AM
2020-12-30 15:46:51,298 DEBUG [restartedMain] security: X509Certificate: Alg:SHA1withRSA, Serial:bb401c43f55e4fb0, Subject:CN=SwissSign Gold CA - G2, O=SwissSign AG, C=CH, Issuer:CN=SwissSign Gold CA - G2, O=SwissSign AG, C=CH, Key type:RSA, Length:4096, Cert Id:1516221943, Valid from:10/25/06, 3:30 PM, Valid until:10/25/36, 3:30 PM
2020-12-30 15:46:51,300 DEBUG [restartedMain] security: X509Certificate: Alg:SHA1withRSA, Serial:4eb200670c035d4f, Subject:CN=SwissSign Platinum CA - G2, O=SwissSign AG, C=CH, Issuer:CN=SwissSign Platinum CA - G2, O=SwissSign AG, C=CH, Key type:RSA, Length:4096, Cert Id:771312514, Valid from:10/25/06, 3:36 PM, Valid until:10/25/36, 3:36 PM
2020-12-30 15:46:51,301 DEBUG [restartedMain] security: X509Certificate: Alg:SHA1withRSA, Serial:4f1bd42f54bb2f4b, Subject:CN=SwissSign Silver CA - G2, O=SwissSign AG, C=CH, Issuer:CN=SwissSign Silver CA - G2, O=SwissSign AG, C=CH, Key type:RSA, Length:4096, Cert Id:126726124, Valid from:10/25/06, 3:32 PM, Valid until:10/25/36, 3:32 PM
2020-12-30 15:46:51,308 DEBUG [restartedMain] security: X509Certificate: Alg:SHA1withRSA, Serial:95be16a0f72e46f17b398272fa8bcd96, Subject:CN=TeliaSonera Root CA v1, O=TeliaSonera, Issuer:CN=TeliaSonera Root CA v1, O=TeliaSonera, Key type:RSA, Length:4096, Cert Id:1495358374, Valid from:10/18/07, 7:00 PM, Valid until:10/18/32, 7:00 PM
2020-12-30 15:46:51,310 DEBUG [restartedMain] security: X509Certificate: Alg:SHA1withRSA, Serial:36122296c5e338a520a1d25f4cd70954, Subject:EMAILADDRESS=premium-server@thawte.com, CN=Thawte Premium Server CA, OU=Certification Services Division, O=Thawte Consulting cc, L=Cape Town, ST=Western Cape, C=ZA, Issuer:EMAILADDRESS=premium-server@thawte.com, CN=Thawte Premium Server CA, OU=Certification Services Division, O=Thawte Consulting cc, L=Cape Town, ST=Western Cape, C=ZA, Key type:RSA, Length:1024, Cert Id:857909202, Valid from:8/1/96, 7:00 AM, Valid until:1/2/21, 6:59 AM
2020-12-30 15:46:51,312 DEBUG [restartedMain] security: X509Certificate: Alg:SHA1withRSA, Serial:344ed55720d5edec49f42fce37db2b6d, Subject:CN=thawte Primary Root CA, OU="(c) 2006 thawte, Inc. - For authorized use only", OU=Certification Services Division, O="thawte, Inc.", C=US, Issuer:CN=thawte Primary Root CA, OU="(c) 2006 thawte, Inc. - For authorized use only", OU=Certification Services Division, O="thawte, Inc.", C=US, Key type:RSA, Length:2048, Cert Id:643000026, Valid from:11/17/06, 7:00 AM, Valid until:7/17/36, 6:59 AM
2020-12-30 15:46:51,313 DEBUG [restartedMain] security: X509Certificate: Alg:SHA384withECDSA, Serial:35fc265cd9844fc93d263d579baed756, Subject:CN=thawte Primary Root CA - G2, OU="(c) 2007 thawte, Inc. - For authorized use only", O="thawte, Inc.", C=US, Issuer:CN=thawte Primary Root CA - G2, OU="(c) 2007 thawte, Inc. - For authorized use only", O="thawte, Inc.", C=US, Key type:EC, Length:384, Cert Id:2068083090, Valid from:11/5/07, 7:00 AM, Valid until:1/19/38, 6:59 AM
2020-12-30 15:46:51,315 DEBUG [restartedMain] security: X509Certificate: Alg:SHA256withRSA, Serial:600197b746a7eab4b49ad64b2ff790fb, Subject:CN=thawte Primary Root CA - G3, OU="(c) 2008 thawte, Inc. - For authorized use only", OU=Certification Services Division, O="thawte, Inc.", C=US, Issuer:CN=thawte Primary Root CA - G3, OU="(c) 2008 thawte, Inc. - For authorized use only", OU=Certification Services Division, O="thawte, Inc.", C=US, Key type:RSA, Length:2048, Cert Id:1032730720, Valid from:4/2/08, 7:00 AM, Valid until:12/2/37, 6:59 AM
2020-12-30 15:46:51,316 DEBUG [restartedMain] security: X509Certificate: Alg:SHA256withRSA, Serial:1, Subject:CN=T-TeleSec GlobalRoot Class 2, OU=T-Systems Trust Center, O=T-Systems Enterprise Services GmbH, C=DE, Issuer:CN=T-TeleSec GlobalRoot Class 2, OU=T-Systems Trust Center, O=T-Systems Enterprise Services GmbH, C=DE, Key type:RSA, Length:2048, Cert Id:-1238464039, Valid from:10/1/08, 5:40 PM, Valid until:10/2/33, 6:59 AM
2020-12-30 15:46:51,323 DEBUG [restartedMain] security: X509Certificate: Alg:SHA256withRSA, Serial:1, Subject:CN=T-TeleSec GlobalRoot Class 3, OU=T-Systems Trust Center, O=T-Systems Enterprise Services GmbH, C=DE, Issuer:CN=T-TeleSec GlobalRoot Class 3, OU=T-Systems Trust Center, O=T-Systems Enterprise Services GmbH, C=DE, Key type:RSA, Length:2048, Cert Id:1894096264, Valid from:10/1/08, 5:29 PM, Valid until:10/2/33, 6:59 AM
2020-12-30 15:46:51,348 DEBUG [restartedMain] security: X509Certificate: Alg:SHA384withECDSA, Serial:5c8b99c55a94c5d27156decd8980cc26, Subject:CN=USERTrust ECC Certification Authority, O=The USERTRUST Network, L=Jersey City, ST=New Jersey, C=US, Issuer:CN=USERTrust ECC Certification Authority, O=The USERTRUST Network, L=Jersey City, ST=New Jersey, C=US, Key type:EC, Length:384, Cert Id:-965679910, Valid from:2/1/10, 7:00 AM, Valid until:1/19/38, 6:59 AM
2020-12-30 15:46:51,350 DEBUG [restartedMain] security: X509Certificate: Alg:SHA384withRSA, Serial:1fd6d30fca3ca51a81bbc640e35032d, Subject:CN=USERTrust RSA Certification Authority, O=The USERTRUST Network, L=Jersey City, ST=New Jersey, C=US, Issuer:CN=USERTrust RSA Certification Authority, O=The USERTRUST Network, L=Jersey City, ST=New Jersey, C=US, Key type:RSA, Length:4096, Cert Id:-347365895, Valid from:2/1/10, 7:00 AM, Valid until:1/19/38, 6:59 AM
2020-12-30 15:46:51,353 DEBUG [restartedMain] security: X509Certificate: Alg:SHA1withRSA, Serial:44be0c8b500024b411d3362de0b35f1b, Subject:CN=UTN-USERFirst-Object, OU=http://www.usertrust.com, O=The USERTRUST Network, L=Salt Lake City, ST=UT, C=US, Issuer:CN=UTN-USERFirst-Object, OU=http://www.usertrust.com, O=The USERTRUST Network, L=Salt Lake City, ST=UT, C=US, Key type:RSA, Length:2048, Cert Id:-297053428, Valid from:7/10/99, 1:31 AM, Valid until:7/10/19, 1:40 AM
2020-12-30 15:46:51,354 DEBUG [restartedMain] security: X509Certificate: Alg:SHA1withRSA, Serial:b92f60cc889fa17a4609b85b706c8aaf, Subject:OU=VeriSign Trust Network, OU="(c) 1998 VeriSign, Inc. - For authorized use only", OU=Class 2 Public Primary Certification Authority - G2, O="VeriSign, Inc.", C=US, Issuer:OU=VeriSign Trust Network, OU="(c) 1998 VeriSign, Inc. - For authorized use only", OU=Class 2 Public Primary Certification Authority - G2, O="VeriSign, Inc.", C=US, Key type:RSA, Length:1024, Cert Id:-1971861053, Valid from:5/18/98, 7:00 AM, Valid until:8/2/28, 6:59 AM
2020-12-30 15:46:51,355 DEBUG [restartedMain] security: X509Certificate: Alg:SHA1withRSA, Serial:3c9131cb1ff6d01b0e9ab8d044bf12be, Subject:OU=Class 3 Public Primary Certification Authority, O="VeriSign, Inc.", C=US, Issuer:OU=Class 3 Public Primary Certification Authority, O="VeriSign, Inc.", C=US, Key type:RSA, Length:1024, Cert Id:118031811, Valid from:1/29/96, 7:00 AM, Valid until:8/3/28, 6:59 AM
2020-12-30 15:46:51,356 DEBUG [restartedMain] security: X509Certificate: Alg:SHA1withRSA, Serial:7dd9fe07cfa81eb7107967fba78934c6, Subject:OU=VeriSign Trust Network, OU="(c) 1998 VeriSign, Inc. - For authorized use only", OU=Class 3 Public Primary Certification Authority - G2, O="VeriSign, Inc.", C=US, Issuer:OU=VeriSign Trust Network, OU="(c) 1998 VeriSign, Inc. - For authorized use only", OU=Class 3 Public Primary Certification Authority - G2, O="VeriSign, Inc.", C=US, Key type:RSA, Length:1024, Cert Id:-11071679, Valid from:5/18/98, 7:00 AM, Valid until:8/2/28, 6:59 AM
2020-12-30 15:46:51,357 DEBUG [restartedMain] security: X509Certificate: Alg:SHA1withRSA, Serial:9b7e0649a33e62b9d5ee90487129ef57, Subject:CN=VeriSign Class 3 Public Primary Certification Authority - G3, OU="(c) 1999 VeriSign, Inc. - For authorized use only", OU=VeriSign Trust Network, O="VeriSign, Inc.", C=US, Issuer:CN=VeriSign Class 3 Public Primary Certification Authority - G3, OU="(c) 1999 VeriSign, Inc. - For authorized use only", OU=VeriSign Trust Network, O="VeriSign, Inc.", C=US, Key type:RSA, Length:2048, Cert Id:2057300190, Valid from:10/1/99, 7:00 AM, Valid until:7/17/36, 6:59 AM
2020-12-30 15:46:51,358 DEBUG [restartedMain] security: X509Certificate: Alg:SHA384withECDSA, Serial:2f80fe238c0e220f486712289187acb3, Subject:CN=VeriSign Class 3 Public Primary Certification Authority - G4, OU="(c) 2007 VeriSign, Inc. - For authorized use only", OU=VeriSign Trust Network, O="VeriSign, Inc.", C=US, Issuer:CN=VeriSign Class 3 Public Primary Certification Authority - G4, OU="(c) 2007 VeriSign, Inc. - For authorized use only", OU=VeriSign Trust Network, O="VeriSign, Inc.", C=US, Key type:EC, Length:384, Cert Id:-131493977, Valid from:11/5/07, 7:00 AM, Valid until:1/19/38, 6:59 AM
2020-12-30 15:46:51,360 DEBUG [restartedMain] security: X509Certificate: Alg:SHA1withRSA, Serial:18dad19e267de8bb4a2158cdcc6b3b4a, Subject:CN=VeriSign Class 3 Public Primary Certification Authority - G5, OU="(c) 2006 VeriSign, Inc. - For authorized use only", OU=VeriSign Trust Network, O="VeriSign, Inc.", C=US, Issuer:CN=VeriSign Class 3 Public Primary Certification Authority - G5, OU="(c) 2006 VeriSign, Inc. - For authorized use only", OU=VeriSign Trust Network, O="VeriSign, Inc.", C=US, Key type:RSA, Length:2048, Cert Id:303010488, Valid from:11/8/06, 7:00 AM, Valid until:7/17/36, 6:59 AM
2020-12-30 15:46:51,361 DEBUG [restartedMain] security: X509Certificate: Alg:SHA1withRSA, Serial:67c8e1e8e3be1cbdfc913b8ea6238749, Subject:CN=Thawte Timestamping CA, OU=Thawte Certification, O=Thawte, L=Durbanville, ST=Western Cape, C=ZA, Issuer:CN=Thawte Timestamping CA, OU=Thawte Certification, O=Thawte, L=Durbanville, ST=Western Cape, C=ZA, Key type:RSA, Length:1024, Cert Id:-1032800436, Valid from:1/1/97, 7:00 AM, Valid until:1/2/21, 6:59 AM
2020-12-30 15:46:51,362 DEBUG [restartedMain] security: X509Certificate: Alg:SHA256withRSA, Serial:401ac46421b31321030ebbe4121ac51d, Subject:CN=VeriSign Universal Root Certification Authority, OU="(c) 2008 VeriSign, Inc. - For authorized use only", OU=VeriSign Trust Network, O="VeriSign, Inc.", C=US, Issuer:CN=VeriSign Universal Root Certification Authority, OU="(c) 2008 VeriSign, Inc. - For authorized use only", OU=VeriSign Trust Network, O="VeriSign, Inc.", C=US, Key type:RSA, Length:2048, Cert Id:-1976681486, Valid from:4/2/08, 7:00 AM, Valid until:12/2/37, 6:59 AM
2020-12-30 15:46:51,363 DEBUG [restartedMain] security: X509Certificate: Alg:SHA1withRSA, Serial:50946cec18ead59c4dd597ef758fa0ad, Subject:CN=XRamp Global Certification Authority, O=XRamp Security Services Inc, OU=www.xrampsecurity.com, C=US, Issuer:CN=XRamp Global Certification Authority, O=XRamp Security Services Inc, OU=www.xrampsecurity.com, C=US, Key type:RSA, Length:2048, Cert Id:-952474086, Valid from:11/2/04, 12:14 AM, Valid until:1/1/35, 12:37 PM
2020-12-30 15:46:52,571 ERROR [jhipster-task-1] ChangeSet: Change Set config/liquibase/changelog/20201130163904_added_entity_Employee.xml::20201130163904-1-data::jhipster failed.  Error: java.sql.BatchUpdateException: Duplicate entry '1' for key 'ux_employee_user_id'
2020-12-30 15:46:52,584 ERROR [jhipster-task-1] AsyncSpringLiquibase: Liquibase could not start correctly, your database is NOT ready: Migration failed for change set config/liquibase/changelog/20201130163904_added_entity_Employee.xml::20201130163904-1-data::jhipster:
     Reason: liquibase.exception.DatabaseException: java.sql.BatchUpdateException: Duplicate entry '1' for key 'ux_employee_user_id'
liquibase.exception.MigrationFailedException: Migration failed for change set config/liquibase/changelog/20201130163904_added_entity_Employee.xml::20201130163904-1-data::jhipster:
     Reason: liquibase.exception.DatabaseException: java.sql.BatchUpdateException: Duplicate entry '1' for key 'ux_employee_user_id'
	at liquibase.changelog.ChangeSet.execute(ChangeSet.java:646)
	at liquibase.changelog.visitor.UpdateVisitor.visit(UpdateVisitor.java:53)
	at liquibase.changelog.ChangeLogIterator.run(ChangeLogIterator.java:83)
	at liquibase.Liquibase.update(Liquibase.java:202)
	at liquibase.Liquibase.update(Liquibase.java:179)
	at liquibase.integration.spring.SpringLiquibase.performUpdate(SpringLiquibase.java:366)
	at liquibase.integration.spring.SpringLiquibase.afterPropertiesSet(SpringLiquibase.java:314)
	at org.springframework.boot.autoconfigure.liquibase.DataSourceClosingSpringLiquibase.afterPropertiesSet(DataSourceClosingSpringLiquibase.java:46)
	at io.github.jhipster.config.liquibase.AsyncSpringLiquibase.initDb(AsyncSpringLiquibase.java:118)
	at io.github.jhipster.config.liquibase.AsyncSpringLiquibase.lambda$afterPropertiesSet$0(AsyncSpringLiquibase.java:93)
	at io.github.jhipster.async.ExceptionHandlingAsyncTaskExecutor.lambda$createWrappedRunnable$1(ExceptionHandlingAsyncTaskExecutor.java:78)
	at java.base/java.util.concurrent.ThreadPoolExecutor.runWorker(ThreadPoolExecutor.java:1128)
	at java.base/java.util.concurrent.ThreadPoolExecutor$Worker.run(ThreadPoolExecutor.java:628)
	at java.base/java.lang.Thread.run(Thread.java:834)
Caused by: liquibase.exception.DatabaseException: java.sql.BatchUpdateException: Duplicate entry '1' for key 'ux_employee_user_id'
	at liquibase.statement.ExecutablePreparedStatementBase.execute(ExecutablePreparedStatementBase.java:87)
	at liquibase.executor.jvm.JdbcExecutor.execute(JdbcExecutor.java:117)
	at liquibase.database.AbstractJdbcDatabase.execute(AbstractJdbcDatabase.java:1276)
	at liquibase.database.AbstractJdbcDatabase.executeStatements(AbstractJdbcDatabase.java:1258)
	at liquibase.changelog.ChangeSet.execute(ChangeSet.java:609)
	... 13 common frames omitted
Caused by: java.sql.BatchUpdateException: Duplicate entry '1' for key 'ux_employee_user_id'
	at java.base/jdk.internal.reflect.NativeConstructorAccessorImpl.newInstance0(Native Method)
	at java.base/jdk.internal.reflect.NativeConstructorAccessorImpl.newInstance(NativeConstructorAccessorImpl.java:62)
	at java.base/jdk.internal.reflect.DelegatingConstructorAccessorImpl.newInstance(DelegatingConstructorAccessorImpl.java:45)
	at java.base/java.lang.reflect.Constructor.newInstance(Constructor.java:490)
	at com.mysql.cj.util.Util.handleNewInstance(Util.java:192)
	at com.mysql.cj.util.Util.getInstance(Util.java:167)
	at com.mysql.cj.util.Util.getInstance(Util.java:174)
	at com.mysql.cj.jdbc.exceptions.SQLError.createBatchUpdateException(SQLError.java:224)
	at com.mysql.cj.jdbc.ServerPreparedStatement.executeBatchSerially(ServerPreparedStatement.java:385)
	at com.mysql.cj.jdbc.ClientPreparedStatement.executeBatchInternal(ClientPreparedStatement.java:435)
	at com.mysql.cj.jdbc.StatementImpl.executeBatch(StatementImpl.java:796)
	at com.zaxxer.hikari.pool.ProxyStatement.executeBatch(ProxyStatement.java:128)
	at com.zaxxer.hikari.pool.HikariProxyPreparedStatement.executeBatch(HikariProxyPreparedStatement.java)
	at liquibase.statement.BatchDmlExecutablePreparedStatement.executePreparedStatement(BatchDmlExecutablePreparedStatement.java:65)
	at liquibase.statement.ExecutablePreparedStatementBase.execute(ExecutablePreparedStatementBase.java:85)
	... 17 common frames omitted
Caused by: java.sql.SQLIntegrityConstraintViolationException: Duplicate entry '1' for key 'ux_employee_user_id'
	at com.mysql.cj.jdbc.exceptions.SQLError.createSQLException(SQLError.java:117)
	at com.mysql.cj.jdbc.exceptions.SQLError.createSQLException(SQLError.java:97)
	at com.mysql.cj.jdbc.exceptions.SQLExceptionsMapping.translateException(SQLExceptionsMapping.java:122)
	at com.mysql.cj.jdbc.ServerPreparedStatement.serverExecute(ServerPreparedStatement.java:637)
	at com.mysql.cj.jdbc.ServerPreparedStatement.executeInternal(ServerPreparedStatement.java:418)
	at com.mysql.cj.jdbc.ClientPreparedStatement.executeUpdateInternal(ClientPreparedStatement.java:1092)
	at com.mysql.cj.jdbc.ClientPreparedStatement.executeUpdateInternal(ClientPreparedStatement.java:1040)
	at com.mysql.cj.jdbc.ServerPreparedStatement.executeBatchSerially(ServerPreparedStatement.java:357)
	... 23 common frames omitted
2020-12-30 15:46:56,570 DEBUG [restartedMain] SwaggerAutoConfiguration: Starting Swagger
2020-12-30 15:46:56,575 DEBUG [restartedMain] SwaggerAutoConfiguration: Started Swagger in 4 ms
2020-12-30 15:46:56,579 INFO  [restartedMain] UndertowSSLConfiguration: Configuring Undertow
2020-12-30 15:46:56,594 INFO  [restartedMain] UndertowSSLConfiguration: Setting user cipher suite order to true
2020-12-30 15:46:58,222 INFO  [restartedMain] threads: JBoss Threads version 3.1.0.Final
2020-12-30 15:46:58,326 INFO  [restartedMain] JhipsterApp: Started JhipsterApp in 22.809 seconds (JVM running for 26.492)
2020-12-30 15:46:58,342 INFO  [restartedMain] JhipsterApp: 
----------------------------------------------------------
	Application 'jhipster' is running! Access URLs:
	Local: 		https://localhost:8080/
	External: 	https://192.168.1.6:8080/
	Profile(s): 	[swagger, tls, dev]
----------------------------------------------------------
2020-12-30 15:47:18,400 DEBUG [XNIO-1 task-3] CustomAuditEventRepository: Enter: add() with argument[s] = [AuditEvent [timestamp=2020-12-30T08:47:18.367944500Z, principal=anonymousUser, type=AUTHORIZATION_FAILURE, data={details=org.springframework.security.web.authentication.WebAuthenticationDetails@b364: RemoteIpAddress: 0:0:0:0:0:0:0:1; SessionId: null, type=org.springframework.security.access.AccessDeniedException, message=Access is denied}]]
2020-12-30 15:47:18,409 DEBUG [XNIO-1 task-3] CustomAuditEventRepository: Exit: add() with result = null
2020-12-30 15:47:18,438 WARN  [XNIO-1 task-3] AdviceTraits: Unauthorized: Full authentication is required to access this resource
2020-12-30 15:47:18,531 WARN  [XNIO-1 task-3] ExceptionHandlerExceptionResolver: Resolved [org.springframework.security.authentication.InsufficientAuthenticationException: Full authentication is required to access this resource]
2020-12-30 15:50:58,788 DEBUG [XNIO-1 task-3] DomainUserDetailsService: Authenticating admin
2020-12-30 15:50:59,903 DEBUG [XNIO-1 task-3] CustomAuditEventRepository: Enter: add() with argument[s] = [AuditEvent [timestamp=2020-12-30T08:50:59.903498800Z, principal=admin, type=AUTHENTICATION_SUCCESS, data={details=org.springframework.security.web.authentication.WebAuthenticationDetails@b364: RemoteIpAddress: 0:0:0:0:0:0:0:1; SessionId: null}]]
2020-12-30 15:51:00,141 DEBUG [XNIO-1 task-3] CustomAuditEventRepository: Exit: add() with result = null
2020-12-30 15:51:00,201 DEBUG [XNIO-1 task-3] PersistentTokenRememberMeServices: Did not send remember-me cookie (principal did not set parameter 'remember-me')
2020-12-30 15:51:00,204 DEBUG [XNIO-1 task-3] PersistentTokenRememberMeServices: Remember-me login not requested.
2020-12-30 15:51:00,235 DEBUG [XNIO-1 task-3] AccountResource: Enter: getAccount() with argument[s] = []
2020-12-30 15:51:00,259 DEBUG [XNIO-1 task-3] UserService: Enter: getUserWithAuthorities() with argument[s] = []
2020-12-30 15:51:00,279 DEBUG [XNIO-1 task-3] UserService: Exit: getUserWithAuthorities() with result = Optional[User{login='admin', firstName='Administrator', lastName='Administrator', email='tuongnghi.ngonguyen@gmail.com', imageUrl='', activated='true', langKey='vi', activationKey='null'}]
2020-12-30 15:51:00,285 DEBUG [XNIO-1 task-3] AccountResource: Exit: getAccount() with result = UserDTO{login='admin', firstName='Administrator', lastName='Administrator', email='tuongnghi.ngonguyen@gmail.com', imageUrl='', activated=true, langKey='vi', createdBy=system, createdDate=null, lastModifiedBy='anonymousUser', lastModifiedDate=2020-12-17T08:22:38Z, authorities=[ROLE_USER, ROLE_ADMIN]}
