id;title;your_name;area;reason;status
1;Fresh Personal Loan Account;Concrete;whiteboard sky blue Togo;Czech RepublicXXXXXXXXXXXXXXXXXXXXXXXXXXXXXXXXXXXX;WAITING
2;JSONXXXXXX;Bike technologies;Checking Account envisioneer Colorado;deposit SCSIXXXXXXXXXXXXXXXXXXXXXXXXXXXXXXXXXXXXXX;REFUSE
3;Tasty Cotton Chips Architect parse;Berkshire;Grocery;Representative BallXXXXXXXXXXXXXXXXXXXXXXXXXXXXXXX;REFUSE
4;Wooden Yen withdrawal;invoice Avon Groves;Savings Account payment;withdrawal intuitive Checking AccountXXXXXXXXXXXXX;WAITING
5;Gorgeous Checking Account;Florida pink;New Mexico driver;deposit markets ArchitectXXXXXXXXXXXXXXXXXXXXXXXXX;REFUSE
6;programming;neural Borders Brazilian Real;index actuating;innovative deliverables viralXXXXXXXXXXXXXXXXXXXXX;REFUSE
7;modular Somoni Producer;Forward program;Facilitator;Advanced mobileXXXXXXXXXXXXXXXXXXXXXXXXXXXXXXXXXXX;WAITING
8;Investment Account bus supply-chains;Practical;Internal;Soap EthiopiaXXXXXXXXXXXXXXXXXXXXXXXXXXXXXXXXXXXXX;ACCEPT
9;Applications bandwidth;Road web services;SCSI withdrawal Pre-emptive;Alaska analyzerXXXXXXXXXXXXXXXXXXXXXXXXXXXXXXXXXXX;REFUSE
10;Open-architected Car;microchip;Generic;holistic DominicaXXXXXXXXXXXXXXXXXXXXXXXXXXXXXXXXX;REFUSE
