id;title;start_time;end_time;description;created_at;updated_at;status
1;Maine;2024-12-21T17:58:17;2024-12-22T13:04:28;Avon Customizable Accountability;2024-12-22T09:21:04;2024-12-22T10:36:29;protocol invoice magenta
2;array navigating cyan;2024-12-22T06:23:47;2024-12-21T17:08:28;invoice Shoes;2024-12-21T20:45:56;2024-12-21T16:53:56;Somalia driver synergistic
3;programming;2024-12-22T01:15:32;2024-12-22T00:34:44;reboot Russian;2024-12-21T16:07:10;2024-12-22T08:39:44;generating multi-byte Franc
4;User-friendly Rubber Centralized;2024-12-21T16:41:01;2024-12-22T01:09:51;Virtual Directives Multi-layered;2024-12-22T11:11:24;2024-12-22T04:02:15;interfaces driver Operations
5;up Bangladesh Cotton;2024-12-22T12:10:11;2024-12-22T04:44:55;Bike circuit Metrics;2024-12-22T01:38:03;2024-12-22T10:56:19;Credit
6;quantifying open-source Pre-emptive;2024-12-22T01:25:46;2024-12-22T03:37:33;Web;2024-12-21T23:28:46;2024-12-22T10:32:09;blue AI SSL
7;SCSI payment;2024-12-21T16:40:20;2024-12-21T15:21:25;Granite Avon;2024-12-21T18:27:09;2024-12-21T18:28:35;Micronesia Table Pound
8;SMTP Chips;2024-12-22T03:36:16;2024-12-22T08:41:40;Books;2024-12-22T02:41:23;2024-12-21T21:16:01;utilisation input
9;maroon Executive Account;2024-12-22T01:38:09;2024-12-22T07:34:36;Computers Personal;2024-12-21T23:58:08;2024-12-22T09:55:02;Towels Branding Tuvalu
10;SCSI;2024-12-22T02:00:04;2024-12-22T12:19:01;Tasty;2024-12-22T09:16:32;2024-12-22T09:41:24;Guilder Dakota protocol
